front_end,split,oov_formal,oov_regional,match_f1,match_coverage,tfidf_f1,fusion_f1,alpha,xlsr_f1
tugstugi_ben10,strict,0.084,0.251,0.3602,0.4386,0.6327,0.8561,0.25,0.8084
tugstugi,strict,0.054,0.129,0.0601,0.0196,0.4559,0.8355,0.25,0.8084
w2v_xlsr_bn,strict,0.266,0.506,0.0773,0.0467,0.4242,0.8252,0.2,0.8084
hishab_fastconformer,strict,0.041,0.092,0.0493,0.0226,0.4447,0.8197,0.2,0.8084
whisper_large_v3,strict,0.449,0.532,0.156,0.324,0.3882,0.8002,0.15,0.8084
tugstugi_ben10,clip,0.084,0.251,0.3991,0.4522,0.7281,0.9669,0.3,0.9508
tugstugi,clip,0.054,0.129,0.0937,0.0421,0.595,0.9649,0.25,0.9508
hishab_fastconformer,clip,0.041,0.092,0.0759,0.0361,0.5525,0.9618,0.45,0.9508
w2v_xlsr_bn,clip,0.266,0.506,0.0869,0.0542,0.5357,0.9602,0.2,0.9508
whisper_large_v3,clip,0.449,0.532,0.211,0.3672,0.4897,0.9538,0.2,0.9508
